{"totalXP":100,"posX":1.8799999952316285,"posY":5.130000114440918,"posZ":5.0,"levels":[0,0,0,0,0]}